,imgep_1,imgep_2,imgep_3,operators_1,operators_2,operators_3,rand_1
mean,"[   0.          396.48163265 1119.39795918 1835.25306122 2528.44081633
 3202.85102041 3864.01428571 4513.31020408 5152.1755102  5783.
 6405.63469388]","[   0.          396.4509018  1238.58717435 2048.80561122 2831.52104208
 3591.66132265 4335.20440882 5064.31462926 5779.48096192 6486.00801603
 7182.0501002 ]","[   0.          396.23847695 1264.04809619 2097.43286573 2900.5511022
 3682.19038076 4446.20440882 5194.19639279 5928.98396794 6652.0761523
 7364.01002004]","[   0.          396.48185484  656.42540323  887.79233871 1100.75403226
 1302.41330645 1494.54233871 1679.63709677 1858.4858871  2031.40927419
 2200.23387097]","[   0.          396.57831325  860.42168675 1301.20080321 1722.16666667
 2123.93172691 2510.86746988 2885.81927711 3250.55220884 3606.29317269
 3953.53815261]","[   0.     395.952  892.144 1346.506 1772.644 2178.44  2568.306 2944.654
 3310.518 3667.174 4015.348]","[   0.          394.60465116  647.92600423  871.42494715 1076.96617336
 1271.4820296  1456.81395349 1634.27484144 1805.48625793 1970.57505285
 2131.10782241]"
inf,"[   0.          395.48934161 1116.7638306  1831.18310438 2523.07125659
 3196.23927255 3856.19273698 4504.28285328 5141.92617453 5771.62310444
 6393.09800695]","[   0.          395.45804281 1236.74717386 2046.20557036 2828.2001255
 3587.67128908 4330.58488883 5059.03120224 5773.55510783 6479.51850733
 7174.98295278]","[   0.          395.25536776 1262.42139879 2095.12040763 2897.56294372
 3678.51037223 4441.98348738 5189.30595122 5923.44824689 6645.87935624
 7357.1378422 ]","[   0.          395.49107707  654.9019529   885.853333   1098.47783214
 1299.75643579 1491.64574556 1676.4896285  1855.06960256 2027.75537953
 2196.32213526]","[   0.          395.58961751  858.82202912 1299.07578698 1719.48728343
 2120.94200974 2507.37594747 2881.94118569 3246.27863052 3601.67616466
 3948.62752788]","[   0.          394.9793178   890.50128786 1344.27930455 1769.93489132
 2175.26557277 2564.57602507 2940.46760296 3305.95169771 3662.24749691
 4010.02721788]","[   0.          392.93053594  645.28384744  867.98858822 1072.76375753
 1266.6136412  1451.30073756 1628.1348982  1798.74518185 1963.26158851
 2123.23651322]"
sup,"[   0.          397.4739237  1122.03208777 1839.32301807 2533.81037607
 3209.46276826 3871.83583445 4522.33755489 5162.42484588 5794.37689556
 6418.17138081]","[   0.          397.4437608  1240.42717484 2051.40565209 2834.84195867
 3595.65135621 4339.82392881 5069.59805627 5785.40681601 6492.49752473
 7189.11724762]","[   0.          397.22158614 1265.6747936  2099.74532383 2903.53926069
 3685.87038929 4450.42533025 5199.08683435 5934.51968898 6658.27294837
 7370.88219788]","[   0.          397.47263261  657.94885356  889.73134442 1103.03023237
 1305.07017712 1497.43893186 1682.78456505 1861.90217163 2035.06316886
 2204.14560667]","[   0.          397.567009    862.02134437 1303.32581945 1724.8460499
 2126.92144408 2514.35899229 2889.69736853 3254.82578715 3610.91018072
 3958.44877734]","[   0.          396.9246822   893.78671214 1348.73269545 1775.35310868
 2181.61442723 2572.03597493 2948.84039704 3315.08430229 3672.10050309
 4020.66878212]","[   0.          396.27876638  650.56816102  874.86130607 1081.16858919
 1276.350418   1462.32716941 1640.41478468 1812.227334   1977.8885172
 2138.9791316 ]"
iterations,[    0  1000  2000  3000  4000  5000  6000  7000  8000  9000 10000],[    0  1000  2000  3000  4000  5000  6000  7000  8000  9000 10000],[    0  1000  2000  3000  4000  5000  6000  7000  8000  9000 10000],[    0  1000  2000  3000  4000  5000  6000  7000  8000  9000 10000],[    0  1000  2000  3000  4000  5000  6000  7000  8000  9000 10000],[    0  1000  2000  3000  4000  5000  6000  7000  8000  9000 10000],[    0  1000  2000  3000  4000  5000  6000  7000  8000  9000 10000]
